no.,name,type,lng,lat,visit_time,interest,indoor,Az (Ai),Pz (Ci),Rp,Ra,no. measures
0,Barceló Carmen Granada,hotel,-3.598236231,37.17072735,0,0,1,,,,,
1,Alhambra,museum,-3.588173489,37.17622788,120,3,1,6224.459269,40,3.8,0.3,4
2,Generalife,park,-3.584116958,37.17636498,60,1,0,,,,,3
3,Catedral de Granada,religious site,-3.599069129,37.17672643,60,2,1,795.2462562,120,2.5,0.3,3
4,Parque de las Ciencias,museum,-3.606537328,37.16304423,100,3,1,5148.986097,40,3.8,0.3,3
5,Mirador de San Nicolás,park,-3.592674431,37.18124255,20,1,0,,,,,3
6,Carrera del Darro,park,-3.592847173,37.17849784,15,1,0,,,,,3
7,Hammam Al Ándalus,museum,-3.593987017,37.1777895,50,3,1,6102.20311,40,3.8,0.3,4
8,Real Monasterio de San Jerónimo,religious site,-3.604066483,37.17960545,40,2,1,904.7152283,120,2.5,0.3,4
9,Paseo de los Tristes,park,-3.588838116,37.17928495,15,1,0,,,,,3
10,Plaza de Bib-Rambla,park,-3.59964446,37.17558241,15,1,0,,,,,3
11,Basílica de San Juan de Dios,religious site,-3.60299776,37.1807693,20,2,1,638.9356708,120,2.5,0.3,4
12,La Alcaicería,park,-3.598726844,37.17549051,45,1,0,,,,,3
13,Puerta de Elvira,park,-3.599561702,37.18234489,10,1,0,,,,,4
14,Museo Cuevas del Sacromonte,museum,-3.583818373,37.18279995,40,3,1,5483.581884,40,3.8,0.3,4
15,Centro de Arte José Guerrero,museum,-3.598621831,37.17598715,50,3,1,8018.630157,40,3.8,0.3,4
16,Huerta de San Vicente,museum,-3.609258873,37.17081322,30,3,1,8648.658933,40,3.8,0.3,3
17,Ermita de San Miguel Alto,religious site,-3.587576943,37.18510075,15,2,1,986.557882,120,2.5,0.3,3
18,Vivak Nature S.L.,park,-3.584336588,37.16867722,30,1,0,,,,,4
19,Alcázar de Genil,museum,-3.600729802,37.16500007,40,3,1,9147.023321,40,3.8,0.3,4
20,Abadía del Sacromonte,museum,-3.576767873,37.18305109,60,3,1,7886.760726,40,3.8,0.3,4
21,Plaza de Toros,park,-3.607056673,37.18898953,30,1,0,,,,,3
22,Monasterio de Nuestra Señora de la Asunción La Cartuja,religious site,-3.599688031,37.19319338,60,2,1,886.5341704,120,2.5,0.3,3
23,Llano de la Perdiz,park,-3.553959502,37.17481145,40,1,0,,,,,3
24,Palacio de los Córdova,museum,-3.58713436,37.17988969,40,3,1,6900.631125,40,3.8,0.3,3
25,Palacio Dar-al-Horra,museum,-3.596618444,37.1817756,50,3,1,8178.422221,40,3.8,0.3,4
26,Bosque de la Alhambra,park,-3.592385815,37.1762452,15,1,0,,,,,4
27,Dehesa del Generalife,park,-3.566213457,37.17410389,20,1,0,,,,,4
28,El Bañuelo,museum,-3.592841087,37.17848825,35,3,1,8509.101567,40,3.8,0.3,4
29,Hospital Real de Granada,museum,-3.6007498,37.18493005,40,3,1,8045.655028,40,3.8,0.3,3
30,Jardines del Triunfo,park,-3.601959988,37.18405315,15,1,0,,,,,4
31,Guías de Montaña de Sierra Nevada,park,-3.587930631,37.18689624,30,1,0,,,,,3
32,Peña La Platería,park,-3.59029926,37.18038036,30,1,0,,,,,4
33,Plaza Isabel La Católica,park,-3.59749476,37.1757927,15,1,0,,,,,3
